Actor_Name,count
National Liberation Army,7
National Liberation Front,4
People’s Liberation Army,3
People’s Revolutionary Army,2
National Liberation Council,2
Forest Brothers,2
Lugansk People's Republic,2
Donetsk People's Republic,2
Army of Islam,2
Naparama,2
Military faction (navy),2
National Salvation Front,2
Supporters of Islam,2
Aguok,1
Supporters of Mohamed Morsi,1
The Reds,1
Tripura Non-Tribal Communities,1
Kata Katanga,1
United Warriors,1
Zetas Vieja Escuela,1
Los Zetas - Cártel del Noreste faction,1
Unity Brigade,1
Kambrip,1
Akul,1
Khatumo administration,1
Mara Salvatrucha (El Salvador),1
Bru National Liberation Front,1
Mara 18 (El Salvador),1
United Baloch Army,1
National Union of Road Transport Workers-Auxiliary faction,1
First Command of the Capital,1
Ganda Iso,1
Bush Boys,1
Maphite,1
Toubou ,1
Supreme Viking Confraternity,1
Klansmen Konfraternity ,1
Communist Party of India-Marxist-Leninist-Vinod Mishra,1
Opponents of Mohamed Morsi,1
Berti,1
Union of Congolese Patriots for Peace,1
Al-Zayadia,1
Rizeigat,1
Panyon Dinka ,1
Amothnhom Dinka ,1
South Sudan Democratic Movement/Army - Cobra Faction,1
Muslims (CAR),1
Communist Party of India-Marxist-Leninist-Janasakhti faction,1
Christians (CAR),1
Popular Front for Reconstruction,1
Forces for National Liberation-Ubugabo-Burihabwa,1
Tutsi,1
Front for the Liberation of the Congo,1
Signed-in-Blood Battalion,1
Bavira,1
Bafulero,1
Batende,1
Banunu,1
Black Axe,1
Tripura Tribal Communities,1
Gontrar,1
National Union of Road Transport Workers-Tokyo faction,1
The Zetas - Velazquez Caballero faction,1
Eyie,1
United League of Arakan,1
Bwatiye,1
Barundi,1
Zintan,1
Uighur,1
Han Chinese,1
National Socialist Council of Nagaland-Khole-Kitovi Faction,1
Batwa,1
Nande,1
Tamil,1
Wolayta,1
Kurdistan Freedom Falcons ,1
Forces of Udjani Mangbama,1
Lou Dinka ,1
Mima,1
Mahariya,1
Birgid,1
Southern Sudanese,1
Northern Sudanese,1
Nuba,1
Kababish,1
Beni Hussein,1
Taisha,1
Kongor Dinka,1
Waat Dinka,1
Gimir,1
Beni Amir ,1
Musgum,1
Forces of Sayed Mansur Naderi,1
Chin National Front,1
Buddhists (Myanmar),1
Supporters of United National Movement,1
Bangladeshi Immigrants,1
Muslims (Sri Lanka),1
Taleban Movement of Pakistan - Islahi faction,1
Reformed Mayi Mayi,1
Nyatura,1
Ndumba Defense of Congo ,1
Lashkar of Mohmand tribe,1
Supporters of Zulfikar Ali Khan Magsi,1
Supporters of Yousaf Ali Khan Magsi,1
Khadadkhel,1
Oatizai,1
National Liberation Front of Tripura - Biswamohan faction,1
Muslims (Myanmar),1
Al-Khobar,1
Supporters of Pakistan Peoples Party,1
Assamese,1
Meitei,1
Jatoi,1
Meher,1
Sindhi,1
Mohajir,1
Pashtun,1
Supporters of Jamaat-e-Islami,1
Islamic Jihad Movement,1
Yan Gora,1
Government of Hyderabad,1
Sultanate of Sulu,1
National Democratic Front of Bodoland-Songbijit,1
The Freedom Fighters of India,1
United Armed Forces of Novorossiya,1
Bakonzo,1
Mabanese Defense Forces,1
Groupe autodéfense touareg Imghad et alliés,1
Darfur Joint Resistance Forces,1
Taleban Movement of Pakistan - Shehryar Mehsud faction,1
Taleban Movement of Pakistan - Khalid Mehsud faction,1
Libya Dawn,1
Sudanese Awakening Revolutionary Council,1
Supporters of independence for Eastern Ukraine,1
Supporters of Ukrainian unity,1
Raia Mutomboki - Makombo,1
ex-Seleka,1
Raia Mutomboki - Bravo,1
Maidan People's Council,1
Forces of the House of Representatives,1
Democratic Forces for the Liberation of Rwanda - Rally for Unity and Democracy,1
Nubian Dabudiya ,1
Bani Hilal,1
Supporters of All Progressives Congress,1
Jund Ansar Allah ,1
al-Mahdi Army,1
Las Águilas Negras,1
Islamic Front,1
al-Qa'qa Brigade,1
Zintan Military Council,1
Palaung State Liberation Front,1
Union of Patriots for Liberation and Development,1
Mayi Mayi - Makabe Kalenga Ngwele,1
Taleban - Mohamed Rasool faction,1
Soldiers of the Levant,1
Apuk Giir,1
Forces of Mullah Abdol Rauf Khadim,1
Military faction (forces of Godefroid Niyombare),1
Perci,1
Elements,1
Simon Pele gang,1
Nan Boston gang,1
Former Sabaneta inmates,1
El Dorado long-term inmates,1
Military faction (forces of Nicolae Ceausescu),1
Los Aztecas,1
Soldiers of al-Aqsa,1
Hazm Movement,1
Mujahideen Army,1
Syria Revolutionaries’ Front,1
Los Ardillos,1
Sinaloa Cartel - Los Chavez Matamoros faction,1
Sinaloa Cartel - Los Salgueiro faction,1
Gulf Cartel - Dragones de Sheyla faction,1
Gulf Cartel - Los Fresitas faction,1
Gwandere,1
Patriotic Rally for Renewal in the CAR or Gathering for Reconciliation among Central Africans ,1
Union for Peace in the Central African Republic,1
 Islamic Kurdish Front,1
Ahfad al Rasoul Brigade,1
Salahadin Brigade,1
Army of Justice,1
Jaysh al-Mukhtar,1
Ulster Defence Association,1
Al-Shabaab - Sheikh Mukhtar Robow (Abu Mansur),1
Ansar Bayt al-Maqdis,1
Forces for the Defense of Human Rights ,1
Ikpanya (Ibibio),1
Forces of Paul Joseph Mukungubila,1
Waja,1
Arab Democratic Party,1
Sudan People´s Liberation Army/Movement in Opposition,1
Awlad Serur clan (Misseriya) ,1
Awlad Heiban clan (Misseriya) ,1
anti-Balaka,1
Brigades of Aisha,1
Arab Brabich ,1
Strangers of the Levant,1
Democratic Union Party,1
Mayi Mayi Kifuafua,1
March 23 Movement - Runiga faction,1
Agatu,1
Forces of Hafiz Gul Bahadur,1
Bihari,1
al-Farouq Brigades,1
Atakar,1
Democratic Front for the People of Central Africa,1
Army of the Men of the Naqshbandi Order,1
Benghazi Revolutionaries Shura Council,1
Ahrar al-Sham,1
Qadhadhfa,1
The Nation,1
Revolution and Justice,1
Kurdish Front,1
Nova Okaida,1
Estados Unidos,1
Awlad Metanin clan (Misseriya),1
La Mochomera,1
Gulf Cartel - Villareal faction,1
Gulf Cartel - Ramirez Treviño faction,1
Al-Maraziq tribe,1
Al-Saida tribe,1
Autodefensas Unidas de Michoacán,1
Tonakau,1
Akibu,1
La Union de Tepito,1
Terceiro Comando Puro,1
Syrian insurgents,1
Sujeirinha gang,1
Barriga gang,1
Amigos dos Amigos,1
Government of Turkmenistan,1
Luba,1
Arab Movement of Azawad ,1
The Sentinel,1
Awlad Suleiman ,1
Konianke,1
Ron,1
Dadjo,1
Nanumba,1
Nawuri,1
Gonja,1
Nyanga,1
Mamprusi,1
Kusasi,1
Ogaden Liberation Front,1
Sidama Liberation Movement,1
Somali Abo Liberation Front,1
Convention of Patriots for Justice and Peace ,1
Communist Party of Arakan,1
People Committed to Propagating the Prophet's Teachings and Jihad,1
Arakan People's Liberation Party ,1
Arakan National Liberation Party ,1
Arakan Liberation Party,1
Indian Mujahideen,1
Partisans of Islam,1
Buxton gang,1
Farmers Mutual Society of Virunga,1
Congolese Rally for Democracy - Christian Pay Pay faction,1
Mundari,1
Supporters of Marc Ravalomanana,1
Karimojong,1
Konso,1
Dodoth,1
South Sudan United Movement/Army,1
Konkomba,1
Dagomba,1
Somali National Front,1
Mujahid Party,1
Beltrán Leyva Cartel - Valdez Villareal faction,1
Beltrán Leyva Cartel,1
The Zetas,1
Awlad Zeid ,1
Supporters of Africa National Congress,1
Malay (Indonesia),1
Mursi,1
Ari,1
Forces of General Morgan,1
Makahin,1
Hamar,1
Garre,1
Tishana-Me’en,1
Patriotic Force of Resistance in Ituri,1
Union of Congolese Patriots,1
Party for Unity and Safeguarding of the Integrity of Congo,1
Banyarwanda,1
Highlanders,1
Torma Manian,1
Torma,1
Army of the Pure,1
Union of Forces for the Resistance,1
Rohingya Patriotic Front,1
Rejectionist Front,1
National Democratic Front for Bodoland -  Ranjan Daimary faction,1
Awlad al-Zuid clan (Misseriya),1
Habar Gidir clan (Hawiye),1
Atuot Dinka,1
Ngok Dinka,1
Supporters of Andry Rajoelina,1
Afor,1
Iteso,1
Moba,1
Chakosi,1
Sudan People's Liberation Movement/Army - William Nyuon faction,1
Sudan People's Liberation Movement/Army -  Abd al-Aziz al-Hululi faction,1
Fur,1
Beni Halba Baggara,1
Salamat Baggara,1
Masalit ,1
Jikany Nuer,1
Awlad Omran clan (Misseriya),1
"Langa, Guguletu and Nyanga Taxi Association",1
Western Cape Black Taxi Association,1
Supporters of National Union of Mineworkers,1
Supporters of United Workers' Union of South Africa,1
Supporters of United Democratic Movement,1
Mgodini clan,1
Mangweni clan,1
Supporters of United Democratic Front,1
Cape Amalgamated Taxi Association,1
Cape Organization for a Democratic Taxi Association,1
Supporters of Azanian People's Organization,1
African National Congress - 'Reds' faction,1
Islamic Party,1
Shiluk,1
Okrika (Ijaw),1
Bari,1
Tiv,1
Ogoni,1
Maasai,1
Matheniko Karimojong,1
Abgal clan (Hawiye),1
Geri,1
Armed Islamic Group - Green Battalion,1
Misseriya,1
Kalenjin,1
Supporters of United Nigeria People's Party,1
Bini,1
Muslims (Nigeria),1
Christians (Nigeria),1
Senegalese,1
Mauritanian,1
Supporters of Didier Ratsiraka,1
Supporters of Alassane Outtara,1
Supporters of Laurent Gbagbo,1
Atyap,1
Kounta,1
Arab,1
Pari,1
Awan Dinka,1
Luac Jang Dinka,1
Aliap Dinka ,1
The Believing Youth,1
Ciek Dinka,1
Idnan (Tuareg),1
People's Committee against Police Atrocities ,1
Supporters of al-Ahly football team ,1
Sunni (Pakistan),1
Shia (Pakistan),1
Zeme Naga,1
Tawheed ul-Islam ,1
Lashkar of Akakhel tribe ,1
Greenlanders,1
Eggon,1
Alago,1
The Support Front for the People of Syria,1
Outlaws,1
Be Well,1
Be Strong,1
Baloch Liberation Front,1
Purba Banglar Communist Party - Janajudhha faction,1
Military faction (Red Berets),1
Garo National Liberation Army ,1
Sudan Revolutionary Front,1
Movement for Unity and Jihad in West Africa,1
March 23 Movement,1
National Movement for the Liberation of Azawad,1
Defenders of the Faith,1
East Turkistan Islamic Movement,1
Army of Kukikhel clan,1
The Resistance,1
Supporters of al-Masry football team,1
Popular Front of Tajikistan,1
Independent Cartel of Acapulco,1
People's Liberation Front of India,1
Kuteb,1
Macina Liberation Front ,1
Idoma,1
Djerma (Zherma),1
Koulango,1
Lobi,1
Bete,1
Balanda,1
Bul Nuer,1
Dogon,1
Jamaat-ul-Mujahideen Bangladesh ,1
Forces of Harar garrison,1
Government of Benin,1
Alliance of the People for a Free and Sovereign Congo,1
Raia Mutomboki,1
Mayi Mayi Lumumba,1
Banyamulenge,1
Sunni (Lebanon),1
Alawite (Lebanon),1
Federated Niger Delta Ijaw Communities,1
Forces of Edu,1
Forces of Agala,1
Isongo-furo,1
Isenasawo,1
Mashashia,1
The Sweeper,1
Jalisco Cartel New Generation,1
Boje,1
Shan State Progress Party,1
Forces of Yussuf Hajji Nur,1
Olmoro (Isoko),1
Oleh (Isoko),1
Inkatha Freedom Party,1
Lofa Defence Force,1
Issa and Gurgura Liberation Front,1
Mayi Mayi Complet,1
Military faction (forces of Samuel Toranzo Calderón),1
Popular Front for National Renaissance,1
Senufo,1
Burkinabe,1
Guere,1
South Sudan Defence Movement/Army,1
Democratic Karen Buddhist Army Brigade 5,1
Somali National Movement - 'Calan cas' faction,1
Warriors of Jihad,1
Taleban Movement of Pakistan - Mullah Toofan faction,1
Taleban Movement of Pakistan - Mulla Rafique faction,1
Taleban Movement of Pakistan - Tariq Afridi faction,1
Forces of Momin Afridi,1
Mara 18 (Honduras),1
Qubeys subclan (Dir),1
Rek Dinka,1
Mujahideen in the Golis Mountains,1
Nsadop,1
Saleban Abdalla subclan of Surre clan (Dir),1
Sudan People's Liberation Movement/Army-North,1
The Knights Templar,1
South Sudan Liberation Movement/ Army,1
The Family,1
Jur Beli,1
Shabelle Valley Alliance,1
Bangsamoro Islamic Freedom Fighters,1
Supporters of Bashar al-Assad,1
Opponents of Bashar al-Assad,1
Army of Masozai Qaumi tribe,1
Army of Zakakhel tribe,1
Kpelle,1
Sayawa,1
Malinké,1
Thiyic Dinka,1
Gony Dinka,1
Defence Front of the Congo,1
Ezza,1
Ezilo,1
Muslims (Egypt),1
Copts (Egypt),1
"Alliance of Young Patriots for national revival
 ",1
Free Syrian Army,1
Republic of South Sudan,1
Army for the Liberation of Rwanda ,1
Forces of Muammar Gaddafi,1
National Transitional Council,1
Impartial Defense and Security Forces - Ivory Coast,1
Forces of Hadi,1
Syrian Democratic Forces,1
Defenders of Jerusalem,1
5 Segond,1
Tapo,1
Los Pipos,1
Los Chone Killers ,1
Los Lobos,1
Los Tiguerones,1
Los Tlacos,1
Los Virus,1
Mwaghavul ,1
Chawai,1
Agworok (Atyap),1
Caborca Cartel,1
Nyatura Turarambiwe,1
Frente Oliver Sinisterra ,1
Los Lagartos,1
Los Choneros,1
Hawazma,1
Agaw,1
Bon Temple de Dieu,1
Awramale subclan (Darod),1
Autodefensas Conquistadores de la Sierra Nevada (ACSN) aka 'Los Pachenca',1
400 Mawozo ,1
Delmas 19 gang ,1
Delmas 95 gang,1
Nan Ti Bwa gang,1
Pilate Base gang,1
Agarabi,1
Bonta Boys,1
Shinasha,1
National Unity Government,1
Bulala,1
Kagal,1
Black,1
Indian,1
Sudan People´s Liberation Army/Movement in Opposition - Kitgwang faction,1
Anti-Bullet,1
Bala na Cara,1
Gambella Liberation Front,1
Communist Party of Turkey/Marxist-Leninist,1
Front pour la démocratie au Burundi,1
Korri,1
Kenana,1
Nuba Logan,1
Azande,1
Fano,1
National Resistance Front of Afghanistan,1
Lou Paher,1
G-Pep,1
Dar Ali (Hawazma),1
Kawahla,1
Buya,1
Carteles Unidos,1
Yemeni Congregation for Reform,1
Taliban,1
Funj,1
Nan Barozi gang,1
Coalition of Patriots for Change,1
Sabaneta - Re-education sector gang,1
Patriotic and Integrationist Forces of the Congo,1
Comando Classe A,1
Libe Koi,1
Oi Kuru,1
Northern Storm Brigade,1
Twic Dinka,1
Gawaar Nuer,1
Herders (Chad),1
Farmers (Chad),1
al-Mujahid Omar al-Mukhtar Battalion,1
Ahrar Ghurayan,1
Oromo Liberation Army,1
Abugbe (Agatu),1
Agbaduma (Agatu),1
Descendants of the Messengers Brigade,1
Alliance for the Liberation of Congo,1
Baloch National Freedom Movement,1
Abu al-Abbas Brigades,1
23rd Division,1
Army of Victory,1
Syria National Army,1
Lengola,1
Sons of Yarmouk Movement,1
Mouro,1
Union of Revolutionaries for the Defense of the Congolese People,1
Ahali,1
Bahandule,1
Euphrates Islamic Liberation Front,1
Gran Grif,1
Regional Coordinator of Community Authorities of the Founder Peoples,1
Delmas 6 gang,1
Nan Chabon,1
Grand Ravine,1
Nan Belekou gang,1
Wharf de Jeremie gang,1
Defense Force against the Balkanization of Congo,1
Atok Buk,1
Apuk Padoc,1
Sinaloa Cartel - Los Mayos,1
Sinaloa Cartel - Los Chapitos,1
G9 an Fanmi e Alye ,1
Ale,1
Alliance of Patriotic Federalists-Gutabara,1
Reformed Nduma Defence of Congo - Gilbert Bwira Shuo faction,1
Zaire self-defense group,1
Chabo,1
Ichen,1
Parti pour le Rassemblement de la Nation Centrafricaine,1
Shomo,1
Jole,1
Lion of God Brigade,1
Al Jazeera-Euphrates Liberation Front,1
Falcons of Islam Brigade,1
Glories of the Levant Brigade,1
Sham al-Rasul Brigade,1
Cie Kho,1
Cie Guandong,1
Banibangou Vigilance Committee,1
Los Aguilas,1
Lungipin,1
Sau,1
Yandamau,1
Yopo,1
Sau Walep,1
Ambulin,1
Full Force ,1
Chain Guys ,1
Congo River Alliance,1
Terre Noire,1
Los Pepes,1
Bakwa Luntu (Luba),1
Song,1
Alliance of Resistance of the Homeland,1
"Permanent Strategic Framework for Peace, Security, and Development",1
National Council for the Defense of Democracy-Benjamin Group,1
Oromo Liberation Army - Fekade Abdisa faction,1
Leelkase subclan (Darod),1
Yoda,1
DZ Mafia,1
Tehreek-e-Jihad Pakistan,1
Sans défaite,1
Sans Echec,1
Latin Kings,1
Nenei clan of Itiokon tribe,1
Yokoend,1
Viv Ansanm,1
Os Manos,1
Fatales,1
Los Tiguerones Igualitos faction,1
Los de la Virgen,1
Los Blancos de Troya,1
Los Saobox faction,1
Marial Wau,1
Chandelle self-defense group,1
Michoacán Cartel New Generation,1
La Barredora (Tabasco),1
Los Viagras,1
Frente William Rivas ,1
Dignidad por Arauca,1
Jubaland State of Somalia,1
Mafia 18,1
Forces of Terwase Akwanza,1
Forces of Ayongou ,1
Revolutionary Armed Forces of Colombia - Central General Staff  - Calarcá,1
Sakar,1
Piande,1
Forces of Dan Chaki ,1
Forces of Lamo Saude,1
Forces of Gwaska Dankarami,1
Forces of Sani Dangote ,1
Forces of Dogo Bali,1
Forces of Mai Yankuzu,1
I don't care,1
Kaekin clan of Itiokon tribe,1
Sikin clan of Itiokon tribe,1
PMC Wagner,1
Freedom of Russia Legion,1
Pasal,1
Palinau,1
Yaka,1
Kraze Baryè,1
Cartel Independiente de Colima,1
Pájaros Sierra,1
R7,1
Aiyala,1
Nomali Tribe,1
Afghanistan Freedom Front,1
Los Colombianos,1
Los Mayas,1
Ajeita,1
Yare I - The Workshop sector gang ,1
Yare I - The Towers sector gang ,1
Amigos Para Sempre,1
Família Terror Amapá,1
Cartel do Norte,1
Capixaba Family Association,1
Comando da Paz,1
Katiara,1
Bonde do Maluco,1
Southern Giants Brigade,1
Nkundo,1
Iyeke (Batwa),1
Yukap,1
Los Costenos,1
Pa-O National Liberation Organisation,1
Baac,1
Russian Volunteer Corps,1
Mbole,1
Rapid Support Forces,1
Azande Ani Kpi Gbe,1
Mobondo,1
Holanda,1
Los Rusos,1
First Command of Maranhão,1
Group of the 40 thieves,1
La Raza,1
Katuku,1
Sudan People´s Liberation Army/Movement in Opposition - Olony faction,1
Massa,1
Vunge sector,1
Nambelo Lohembe sector,1
Tenet,1
Kuboma,1
Kulumata,1
Forces of Lieutenant Colonel Emmanuel Nsengiyumva,1
Mayi Mayi Chini ya Tuna,1
Comandos de la Frontera,1
Sangre Nueva Zeta,1
FARC - Segunda Marquetalia ,1
Revolutionary Armed Forces of Colombia - Central General Staff ,1
Movement of Central African Liberators for Justice ,1
Military faction (forces of Asaminew Tsige),1
Ikurav (Tiv),1
Ikot-Offiong community,1
"Return, Reclamation, Rehabilitation",1
Awlad Rashid,1
Local Vigilante Committees,1
Panyar Dinka,1
Harakit Sawa'id Misr,1
Army of Free Tribes,1
Free Idlib Army,1
Liberation Army,1
Kamuina Nsapu,1
Union of Patriots for the Defense of the Innocents - Mazembe,1
Death to Kidnappers,1
Islamic State Mindanao,1
Los Zetas - Juan Pedro Salvador Saldivar Farias faction,1
Los Zetas - Jorge Ivan Hernandez Cantu faction,1
Hamza Division,1
al-Moutasem Brigade,1
Liwa Ahrar Souriya,1
New Syrian Army,1
Yarmouk Army,1
Burundi National Front,1
Bloque Central Bolívar,1
Daoussak (Tuareg),1
Autodefensas Campesinas del Casanare,1
Bamba,1
Reformed Nduma Defence of Congo,1
Ansaroul Islam,1
Oku Iboku community,1
Vuba militia,1
Ron-Kulere,1
Mayi Mayi Mayangose,1
Qayaad subclan of Dhulbahante clan (Darod),1
Bahararsame subclan of Dhulbahante clan (Darod),1
Sudan People's Liberation Movement/Army-North - Malik Agar faction,1
Pangal,1
Dozos (Mali),1
Kadara,1
Wanikade,1
Wanhihem,1
Batabwa,1
Mayi Mayi Kirikicho,1
Family of the North,1
National Movement for the Revolution,1
Bana Mura,1
Chokwe,1
Lulua,1
Group for the Support of Islam and Muslims ,1
La Nueva Familia,1
Subol Al-Salam Brigade,1
Benghazi Defence Brigade,1
Mahadi,1
Faith Movement of Arakan,1
Yurtta Sulh Konseyi,1
Uduk,1
National Council for Renewal and Democracy,1
Sinaloa Cartel - El Pepillo faction,1
Sinaloa Cartel - Los 28 faction,1
Sinaloa Cartel - Forces of Damaso faction,1
Gulf Cartel - Los Ciclones faction,1
Authenticity and Development Front,1
Martyr Lieutenant Ahmed Abdou Brigades,1
Rahman Corps,1
Jaysh al-Sunna,1
Brigade of Islam,1
Levant Front,1
Derna Mujahideen Shura Council,1
Forces of the Brave,1
Khabour Guards,1
Syriac Military Council,1
Soldiers of the Caliphate,1
Patriotic Movement for the Central African Republic ,1
Coordination of Movements and Fronts of Patriotic Resistance,1
Rup Dinka,1
Kuei Dinka,1
Pakam Dinka,1
Southern Front,1
United Liberation Front of Western South East Asia,1
Tahrir al- Sham Army,1
Jihad Army,1
Republican Forces of Burundi,1
Hamar (Ethiopia),1
United Somali Congress-Peace Movement,1
Indigenous People of Biafra,1
Sabaneta - Pavilion I gang,1
Lions of the East Army,1
Ajdabiya Revolutionaries Shura Council ,1
Zuwaya,1
Jama'at,1
Sinaloa Cartel - Los Salazar faction,1
Sinaloa Cartel - Los Memos faction,1
Kita'ib al-Safwat al-Islamiya,1
Battalion of Conquest,1
Mountain Hawks Brigade,1
101st Infantry Division,1
Knights of Justice Brigade,1
Criterion Brigades,1
Nour al-Din al-Zenki Movement,1
16th Division,1
Fistaqim Kama Umirat,1
Dawn of the Caliphate Brigades,1
Sham Legion,1
Harakat Mujahidi al-Islam,1
Sultan Murad Division,1
First Regiment,1
Brigade of the Trustees of Raqqa,1
Retribution Army,1
Tahrir Brigade,1
Saraya Jarablus,1
Jihad in the Path of God Brigade,1
Raqqa Revolutionaries’ Brigade,1
Army of Revolutionaries,1
Truth Brigade,1
Irigwe,1
Anas al-Dabbashi Brigade,1
Shitile (Tiv),1
Santa Rosa de Lima Cartel,1
Military faction (Forces of Hun Sen),1
Forces of Norodom Ranariddh,1
Egbura Mozum,1
Fuerza Anti Unión ,1
Shabab al-Tawhid wa al-Aqiyda,1
"Mayi-Mayi People's Patriotic Forces, People's Army",1
Biide subclan of Habar Jeclo (Isaaq),1
Sa'ad subclan of Habar Yonis (Isaaq),1
Gaintanist Self-Defense Forces of Colombia,1
Brigade 301,1
Ma'awisley,1
Mareqo,1
Silt'e,1
Dorze,1
Guraghe,1
Gamo,1
Popular Movement for Changing the Congo,1
 Nueva Plaza Cartel,1
People's Liberation Party-Front of Turkey-Cephesi -Acilciler,1
Tripoli Protection Force,1
Resistance Forces of the Great West,1
Steadfastness Front,1
Military Command Council for the Salvation of the Republic,1
Nawasi Battalion,1
Ghaniwa Brigade,1
Front pour l’alternance et la concorde au Tchad,1
Union of Peoples and Organizations of the State of Guerrero,1
Operations Room Combating Daesh,1
Qimant,1
Army of Emigrants and Supporters,1
Army of al-Ikhlas,1
Army of Maoata al-Islami,1
Liwa al-Qadisiya,1
Bayareq al-Shaaitat ,1
Army of Ahl al-Sunni wal Jamaa ,1
Misseriya Jebel ,1
SLM/A - Mubarak Aldouk faction,1
SLM/A - Salih Borsa faction,1
Front for the Liberation of the Enclave of Cabinda - Armed Forces of Cabinda - Tiago Nzita faction,1
Latuka,1
Grupo Escorpion,1
Cartel del Sur,1
La Linea,1
Lunguda,1
Yan Sakai,1
Tajamu Shuhada al-Sharqiya,1
Southern Transitional Council,1
Ambazonia insurgents,1
Pagok Dinka,1
Self-Defense Mujahidin (CAR),1
Manuer Dinka,1
Gak Dinka,1
Bateke,1
 Alliance des patriotes pour un Congo libre et souverain-Rénové,1
Tripoli Revolutionaries Brigade,1
National Front for Liberation,1
Awlad Busayf,1
Ahrar al-Sharqiya,1
Bambuti,1
Crime Syndicate of Rio Grande do Norte,1
Patriotic Movement for the Central African Republic,1
Ingessana,1
Coalition for movements of change,1
Twiganeho,1
Opponents of Hasina,1
Kaniyat,1
Mayi Mayi Kyandenga,1
Union of Patriots for the Liberation of Congo,1
Popular Front for the Liberation of Libya,1
Nyatura - John Love,1
Deir ez Zor Military Council,1
General People's Congress,1
Saraya Ahl al-Sham,1
Koglweogo ,1
Anti-Balaka - Maxime Mokom,1
Jama'at Ansar al-Islam,1
Shuhada al-Wadi militia,1
Movement for the Salvation of Azawad ,1
Raia Mutomboki Butachibera,1
Raia Mutomboki Hama Kombo,1
FPRC Azor Khalit faction,1
Organization for the Liberation of the Levant,1
Forces of Khalifa al-Ghawil,1
Ayiel Dinka,1
Brigade 48,1
Peuhl militia (Zemio),1
Bassa Kwomu,1
 Guardians of Religion Organization,1
Cie Bol,1
Chiebiliew Yoal (Lou Nuer),1
Forces of Ibrahim Jadhran,1
Biloze Bishambuke Self-Defence Force,1
Syrian Liberation Front,1
Hawks of the Levant Brigades,1
Résistants nationalistes Lumumbistes,1
Hunters who Trust in God,1
Bahemba,1
Pende,1
People's Liberation Army - Francisco Caraballo,1
al-Harakat al-Islamiyah ,1
Libyan National Army,1
Igala,1
February 17 Martyrs Brigade,1
Rafallah al-Sahati Brigade,1
Ansar al-Sharia in Libya,1
Bonde dos 13,1
Jalwau Dinka,1
Followers of the Prophetic Tradition,1
Yandang,1
Guardians of the state,1
Bangsamoro Islamic Freedom Movement - Karialan faction,1
African National Congress - 'Greens' faction,1
Forces of Hussein Ali Ahmed,1
United Somali Congress/Somali National Alliance - Osman Atto faction,1
Republic of Armenia,1
Free Aceh Movement,1
United Liberation Front of Assam,1
Kashmir insurgents,1
Yemeni Socialist Party - Abdul Fattah Ismail faction,1
Kurdistan Worker’s Party,1
Eelam People's Revolutionary Liberation Front,1
Tamil Eelam Liberation Organization,1
Liberation Tigers of Tamil Eelam,1
Sikh insurgents,1
People's Revolutionary Party of Kangleipak,1
Kangleipak Communist Party,1
United National Liberation Front,1
Basque Nation and Liberty,1
The Salafi groups which practice hisba,1
Arab Political and Cultural Organization,1
Army of God,1
The Free Life Party of Kurdistan,1
People's Mujahideen,1
National Liberation Front of Tripura,1
All Tripura Tiger Force,1
Tripura National Volunteers,1
United Islamic Front for the Salvation of Afghanistan,1
Taleban,1
National Islamic Movement,1
Military faction (forces of Shahnawaz Tanay),1
Bougainville Revolutionary Army,1
Azerbaijani Popular Front,1
Islamic Party of Afghanistan,1
National Guard and Mkhedrioni,1
Wahhabi movement of the Buinaksk district,1
Kosovo Liberation Army,1
Taleban Movement of Pakistan,1
Mohajir National Movement,1
Forces of al-Bid,1
Chechen Republic of Ichkeria,1
Parliamentary Forces,1
Croatian Republic of Bosnia-Herzegovina,1
Autonomous Province of Western Bosnia,1
Special Police Brigade,1
Military faction (forces of Suret Husseinov),1
Forces of Khudoberdiyev,1
United Tajik Opposition,1
Dniestr Republic,1
South Ossetian Soviet Democratic Republic ,1
Republic of Abkhazia,1
Islamic Group,1
Serbian Republic of Krajina,1
Serbian Republic of Bosnia-Herzegovina,1
Republic of Nagorno-Karabakh,1
Republic of Croatia,1
Republic of Slovenia,1
Maoist Communist Party,1
Revolutionary Left,1
Zviadists,1
Unity Party ,1
Islamic Movement of Afghanistan,1
Digil Salvation Army,1
Military faction (forces loyal to Nureddin Atassi and Youssef Zeayen),1
Organization for a Free Papua,1
Clandestine Communist Organization,1
North Kalimantan Liberation Army,1
Kurdish Democratic Party of Iraq-Provisional Command ,1
Patriotic Union of Kurdistan,1
Kurdish Democratic Party of Iraq,1
Secret Army Organization,1
Communist Party of Nepal-Maoist,1
Nepali Congress,1
Restoration Council of Shan States,1
Mong Tai Army,1
Tailand Revolutionary Council,1
Shan State Revolutionary Army,1
Shan United Revolutionary Army,1
Shan State Nationalities Liberation Organization,1
Shan State Army,1
Shan National United Front,1
Shan State Independence Army,1
Brave Young Warriors,1
Lao Resistance Movement,1
Neutralists,1
Pathet Lao,1
Lebanese Forces,1
Forces of Michel Aoun,1
Lebanese Forces - Hobeika faction,1
Mizo National Front,1
Muslim Brotherhood,1
Islamic Union for the Freedom of Afghanistan,1
Red Khmers,1
National Islamic Front of Afghanistan,1
Afghanistan National Liberation Front,1
Islamic Party of Afghanistan - Khalis faction,1
Movement of the Islamic Revolution/Uprising of Afghanistan,1
Islamic Society of Afghanistan,1
People's Democratic Republic of Afghanistan,1
National Council of the Timorese Resistance,1
Baloch Republican Army,1
Baloch Unity,1
Balochistan Liberation Army,1
 Chittagong Hill Tracts Peoples Solidarity Association,1
Popular Front for the Liberation of the Occupied Arab Gulf,1
Real Irish Republican Army,1
Provisional Irish Republican Army,1
People's Liberation Front,1
Liberation Force,1
Moro National Liberation Front - Habier Malik faction,1
Moro National Liberation Front - Nur Misauri faction,1
Abu Sayyaf Group,1
Moro Islamic Liberation Front,1
Moro National Liberation Front,1
Mindanao Independence Movement,1
"United National Front for an Independent, Neutral, Peaceful and Cooperative Cambodia",1
Khmer People’s National Liberation Front,1
Kampuchean National United Front for National Salvation,1
Islamic Movement of Uzbekistan,1
Jihad Islamic Group,1
All Bodo Student’s Union,1
Military faction (forces of Jerry John Rawlings),1
Revolutionary Democratic Council,1
Rally of Democratic Forces,1
Rally for Democray and Liberty,1
Movement for Democracy and Justice in Chad,1
Armed Forces of the Federal Republic,1
Chad National Front,1
Military faction (forces of Maldoum Bada Abbas),1
Committee of National Revival for Peace and Democracy,1
National Council for Recovery,1
Movement for Democracy and Development,1
Patriotic Salvation Movement,1
Movement for the National Salvation of Chad,1
Revolutionary Forces of 1 April ,1
Islamic Legion,1
Transitional Government of National Unity,1
Chadian Armed Forces,1
People’s Armed Forces,1
Armed Forces of the North,1
Second Liberation Army,1
First Liberation Army,1
National Liberation Front of Chad,1
National Council for the Defense of Democracy-Forces for the Defense of Democracy,1
Party for the Liberation of the Hutu People-Forces for National Liberation,1
National Council for the Defense of Democracy,1
Party for the Liberation of the Hutu People,1
Union Force for Democracy and Development ,1
Military faction (forces of Ekow Dennis and Edward Adjei-Ampofo) ,1
Bodo Security Force,1
Military faction (forces of Patrick Nzeogwu),1
Uganda Freedom Movement,1
Ugandan People’s Democratic Army,1
Holy Spirit Movement,1
Ugandan National Rescure Front,1
Popular Resistance Army,1
Former Uganda National Army,1
Uganda National Liberation Front,1
Front for National Salvation,1
Military faction (forces of Charles Arube),1
Special Force,1
Military faction (forces of Idi Amin),1
Military faction (forces of Mohamed Madbouh),1
National Movement for the Independence of Madagascar,1
Sudan Liberation Movement/Army-Unity,1
Sudan Liberation Movement/Army - Minni Minawi faction,1
National Redemption Front,1
Sudan Liberation Movement/Army,1
Justice and Equality Movement,1
National Democratic Alliance,1
Sudanese People’s Liberation Movement/Army,1
National Front,1
Sudanese Communist Party,1
Rally of Democratic Forces of Guinea,1
Republic of Biafra,1
South West Africa People’s Organization,1
Military faction (forces loyal to Gervais Nyangoma),1
Front for the Liberation of Mozambique,1
Military faction (forces loyal to Léon M'Ba),1
National Congress for the Defence of the People,1
Moro,1
Lumad,1
Liberation Tigers of Tamil Eelam - Karuna faction,1
Army of Jhangvi,1
Kuki,1
Islamic Community,1
Soldiers of the Prophet's Companions,1
Moroccan Islamic Combatant Group,1
Followers of the Holy War,1
Forces of Ismail Khan ,1
Forces of Arbab Basir,1
Forces of Amanullah Khan ,1
Forces of Amanullah,1
Forces of Abdul Rahman Khan ,1
Supporters of Bangladesh Nationalist Party,1
Bodo Liberation Tiger Force,1
Supporters of Awami League,1
Serbian irregulars,1
Croatian irregulars,1
People's United Liberation Front,1
Dima Halam Daogah - Black Widow faction,1
Forces of the Caucasus Emirate,1
Party of God,1
Patani insurgents,1
United Wa State Army,1
Army of Ranvir,1
Salafist Jihadists,1
Unity and Holy War,1
Military faction (forces of Amsha Desta and Merid Negusie),1
Congolese Rally for Democracy-Liberation Movement,1
Congolese Rally for Democracy,1
Movement for the Liberation of Congo,1
"Alliance of Democratic Forces for the Liberation of Congo-
Kinshasa",1
Congolese National Liberation Front,1
Military Faction (Forces of Jean Schramme),1
Anya Nya,1
African Party for the Independence of Guinea-Bissau and Cape Verde,1
Eritrean People’s Liberation Front,1
Eritrean Liberation Front,1
Ethiopian People’s Revolutionary Democratic Front,1
Ethiopian People’s Democratic Movement,1
United People's Democratic Solidarity,1
Ethiopian Democratic Union,1
Tigrean People’s Liberation Front,1
Ethiopian People’s Revolutionary Party,1
Military faction (forces of Mengistu Neway),1
Independent Mining State of South Kasai,1
State of Katanga,1
Popular Movement for the Liberation of Angola,1
Algerian National Movement,1
Moroccan Nationalist Party,1
Mau Mau,1
World Hindu Council,1
National Union Front,1
Lebanese Resistance Detachment,1
Lebanese Arab Army,1
Government of Chad,1
Government of Gabon,1
Government of Nigeria,1
Government of Cameroon,1
Government of Togo,1
Government of Ghana,1
Government of Sierra Leone,1
Government of Liberia,1
Government of Burkina Faso,1
Government of Guinea,1
Government of Ivory Coast,1
Government of Niger,1
Government of Mauritania,1
Government of Senegal,1
Government of Mali,1
Government of Gambia,1
Government of Guinea-Bissau,1
Government of Iceland,1
Government of Denmark,1
Government of Norway,1
Government of Sweden,1
Government of Finland,1
Government of Azerbaijan,1
Government of Georgia,1
Government of Armenia,1
Government of Ukraine,1
Government of Central African Republic,1
Government of Congo,1
Government of Iraq,1
Government of Democratic Republic of the Congo (Zaire),1
Government of Iran,1
Government of South Sudan,1
Government of Sudan,1
Government of Libya,1
Government of Tunisia,1
Government of Algeria,1
Government of Morocco,1
Government of Comoros,1
Government of Madagascar,1
Government of Botswana,1
Government of Lesotho,1
Government of Namibia,1
Government of South Africa,1
Government of Rhodesia,1
Government of Mozambique,1
Government of Angola,1
Government of Eritrea,1
Government of Ethiopia,1
Government of Djibouti,1
Government of Somalia,1
Government of Rwanda,1
Government of Burundi,1
Government of Tanzania,1
Government of Kenya,1
Government of Uganda,1
Government of Lithuania,1
Government of Latvia,1
Government of Estonia,1
Government of Soviet Union,1
Government of United Kingdom,1
Government of Uruguay,1
Government of Argentina,1
Government of Chile,1
Government of Paraguay,1
Government of Bolivia,1
Government of Brazil,1
Government of Peru,1
Government of Ecuador,1
Government of Suriname,1
Government of Venezuela,1
Government of Colombia,1
Government of Panama,1
Government of Costa Rica,1
Government of Nicaragua,1
Government of El Salvador,1
Government of Honduras,1
Government of Guatemala,1
Government of Mexico,1
Government of Grenada,1
Government of Trinidad and Tobago,1
Government of Dominican Republic,1
Government of Haiti,1
Government of Cuba,1
Government of Canada,1
Government of Ireland,1
Government of Netherlands,1
Government of Belgium,1
Government of Albania,1
Government of Rumania,1
Government of Moldova,1
Government of Bulgaria,1
Government of Cyprus,1
Government of Greece,1
Government of Slovenia,1
Government of Bosnia-Herzegovina,1
Government of Yugoslavia,1
Government of Croatia,1
"Government of Macedonia, FYR",1
Government of Montenegro,1
Government of Italy,1
Government of Luxembourg,1
Government of Slovakia,1
Government of Czech Republic ,1
Government of Czechoslovakia,1
Government of Hungary,1
Government of Austria,1
Government of Poland,1
Government of Germany,1
Government of Portugal,1
Government of Spain,1
Government of Switzerland,1
Government of France,1
Government of Turkey,1
Government of Egypt,1
Lebanese National Movement,1
Popular Front for the Liberation of Palestine,1
Non Palestine Liberation Organization groups,1
Palestinian insurgents,1
Kachin Independence Organization,1
Pawngywng National Defense Force,1
National Democratic Front,1
Royalists,1
Opposition coalition,1
Communist Party of Malaya,1
Communist Party of India-Maoist,1
Maoist Communist Centre,1
People’s War Group,1
Communist Party of India-Marxist-Leninist,1
Beik Mon Army,1
New Mon State Party,1
Mon People’s Solidarity Group,1
Mon Freedom League-Mon United Front,1
Rohingya Solidarity Organisation,1
All-Burma Students Democratic Front,1
"People's Volunteer Organization-""White Band"" faction",1
Communist Party of Burma-Red Flag,1
Communist Party of Burma,1
God’s Army of the Holy Mountain,1
Karen National Union,1
Democratic Movement for Malagsy Renewal,1
Communist Party of India,1
Palestine Liberation Organization,1
Popular Front for the Liberation of Palestine-General Command,1
Government of Syria,1
Palestinian National Liberation Movement,1
Independent Nasserite Movement,1
Islamic Army of Iraq,1
The Monotheism and Jihad Group,1
Supreme Council for the Islamic Revolution in Iraq,1
National Council of the Revolutionary Command,1
Military faction (forces of Abd as-Salam Arif),1
Military faction (forces of Abdul Wahab al-Shawaf),1
Military faction (free Officers Movement),1
State of Oman/Free Oman,1
Karenni National Progressive Party,1
National Socialist Council of Nagaland- Khaplang faction,1
National Socialist Council of Nagaland,1
Naga Nationalist Council,1
National Union of Cypriot Fighters,1
Revolutionary Government of the Indonesian Republic,1
Permesta Movement,1
Islamic State,1
Communist Party of Thailand,1
Republic of South Moluccas,1
Tibet,1
Popular Resistance Committees,1
al-Aqsa Martyrs' Brigades,1
Palestinian National Authority,1
Islamic Resistance Movement,1
Palestinian Islamic Jihad,1
Taiwanese insurgents,1
Vietnamese Independence League,1
Ukrainian Insurgent Army,1
United Democratic Resistance Movement,1
Government of Bangladesh,1
Government of Pakistan,1
Government of India,1
Government of Japan,1
Government of South Korea,1
Government of North Korea,1
Government of Taiwan,1
Government of Mongolia,1
Government of China,1
Government of Kazakhstan,1
Government of Uzbekistan,1
Government of Kyrgyzstan,1
Government of Tajikistan,1
Government of Afghanistan,1
Government of Oman,1
Government of United Arab Emirates,1
Government of Qatar,1
Government of Bahrain,1
Government of Kuwait,1
Government of South Yemen,1
Government of North Yemen,1
Government of Saudi Arabia,1
Government of Israel,1
Government of Jordan,1
Government of Lebanon,1
Government of Myanmar (Burma),1
Government of Sri Lanka,1
Government of Nepal,1
Khmer Issarak,1
Association of the Latvian Fatherland Guards,1
Latvian National Guerilla Association,1
"Military faction (forces of Honasan, Abenina & Zumel)",1
Communist Party of the Philippines,1
Lao Issara,1
National Military Organisation,1
Republic of Azerbaijan,1
Republic of Kurdistan,1
Indonesian People's Army,1
Democratic Army of Greece,1
People's Liberation Army,1
Government of Tonga,1
Government of Thailand,1
Government of New Zealand,1
Government of Papua New Guinea,1
Government of Australia,1
Government of Indonesia,1
Government of Philippines,1
Government of Singapore,1
Government of Malaysia,1
Government of South Vietnam,1
Government of North Vietnam,1
Government of Laos,1
Government of Cambodia,1
Uganda People's Army,1
Lord's Army,1
Uganda Democratic Christian Army,1
Naga,1
Party of Holy Warriors,1
Santhal,1
Bodo,1
White Legion,1
People Persecuted By Pablo Escobar,1
Cali Cartel,1
Rock Machine,1
Hells Angels,1
Laime,1
Qaqachaca,1
East Bengal Communist Party,1
Biplobi Communist Party,1
Supervisory Council of the North,1
Society of the Calling,1
Unity Party - Akbari faction,1
Tijuana Cartel - El Teo,1
Tijuana Cartel,1
National Socialist Council of Nagaland - Unification,1
Mangal,1
Army of Salarzai tribe,1
Mishti,1
Kachai sub-tribe of Bangesh,1
Juarez Cartel,1
Forces of Shah Sahib,1
Turi,1
Jammu and Kashmir Liberation Front,1
Dayak,1
Serbian Autonomous Oblast of Krajina,1
Madurese,1
Republic of Bosnia-Herzegovina,1
People's Liberation Organisation of Tamil Eelam,1
Republic of Georgia,1
Provisional Council of the Chechen Republic,1
Forces of Ruslan Labazanov,1
Armenian,1
Azeri,1
Hadji Masir Ahalul clan,1
Hadji Faizal Abdulkarim clan,1
Unjamap,1
Wogia-Tunjup,1
Wayai subclan of Takima,1
Wagia subclan of Takima,1
Mohajir National Movement-Authentic,1
Mongko Defence Army - Lin Min faction,1
Mongko Defence Army,1
Peña Rojas clan,1
Garcia clan,1
South Lebanon Army,1
Fatah Revolutionary Council,1
Supporters of People's National Party,1
Supporters of Jamaica Labour Party,1
Islamic Movement of Kurdistan,1
al-Shaman,1
Dereiat,1
Bangesh,1
Congolese Rally for Democracy-Kisangani-Liberation Movement,1
Juba Valley Alliance faction,1
Army of Wazir tribe,1
Sandinista National Liberation Front,1
"Military faction (forces of Augusto Pinochet, Toribio Merino and Leigh Guzman) ",1
Movement of National Liberation/Tupamaros,1
Unified Revolutionary Directorate,1
Farabundo Marti Popular Liberation Forces,1
Military faction (forces of Benjamin Mejia),1
Tupac Amaru Revolutionary Movement,1
Shining Path,1
Movement of the Revolutionary Left,1
Military faction (constitutionalists),1
19 April Movement,1
Revolutionary Armed Forces of Colombia,1
Military faction (forces of Hugo Chávez) ,1
Bandera Roja,1
Montoneros,1
Military faction (colorados),1
Military faction (forces of Eduardo A. Lonardi Doucet),1
Cuban Revolutionary Council,1
Cuban Revolution Movement (Fidelistas),1
Puerto Rican Nationalist Party,1
Guatemalan National Revolutionary Unity,1
Revolultionary Organization of Armed People,1
Guerilla Army of the Poor,1
Revolutionary Armed Forces,1
Rebel Armed Forces,1
Counterrevolutionaries,1
Surinamese Liberation Army,1
Military faction (forces of Moisés Giroldi) ,1
Sinaloa Cartel,1
Party for the Liberation of the Hutu People-Forces for National Liberation - Lovers of Peace faction,1
Democratic Karen Buddhist Army,1
Madhesi People's Rights Forum,1
1920 Revolution Brigades,1
Gulf Cartel,1
Third Command,1
Tagaeri ,1
Peace and Justice,1
Mara Salvatrucha (Honduras),1
Mara Salvatrucha (Guatemala),1
Mara 18 (Guatemala),1
Medellín Cartel,1
Muslim Society,1
Huaorani,1
Red Command,1
United Self-Defence forces of Colombia,1
Peasant Self-Defense Groups of Córdoba and Urabá,1
The Base,1
Popular Revolutionary Army,1
Zapatista National Liberation Army,1
Popular Organisations Lavalas,1
National Front for the Liberation of Haiti,1
Military faction (forces of Raol Cédras) ,1
Military faction (forces of Himmler Rebu and Guy Francois) ,1
"Serbian Autonomous Oblast of Eastern Slavonia, Baranja and Western Symria",1
Forces of Jing Caludtiag,1
Military faction (Guatemala),1
Ife,1
Afisare,1
Wurukum ,1
Ibibio,1
Efik,1
Azara,1
Adoni,1
Tuareg,1
Revolutionary Army for the Liberation of Azaouad,1
Popular Liberation Front of Azawad,1
Pokomo,1
Wardei,1
Orma,1
Nandi,1
Marakwet,1
Luhya,1
Kisii,1
Kikuyu,1
Samburu,1
Ajuran,1
Rer Samatar subclan of Habr Awal (Issaq),1
Rer Liban subclan of Habr Awal (Issaq),1
Gedeo,1
Zeyle,1
Derashe,1
Degodia,1
Ninzam,1
Modakeke,1
Forces of Randy Karon,1
Ilaje,1
Somali Patriotic Movement/Somali National Alliance,1
Somali National Front - Mohamed Sheikh Ali Buraleh faction,1
Forces of Abdurahman Ahmed Ali 'Tur',1
Government of United States of America,1
Forces of Ahmed Sheikh Buraleh,1
Forces of Abdirizak Bihi,1
Abdalle-Aroneh subclan of Abgal clan (Hawiye),1
Eli-Omar subclan of Abgal clan (Hawiye),1
Ayr subclan of Habar Gidir clan (Hawiye),1
Forces of Omar Jess,1
Galgalo,1
Kabaloh subclan of Abgal clan (Hawiye),1
Abdulleh-Galmaha subclan of Abgal clan (Hawiye),1
Eli-Agon-Yar subclan of Abgal clan (Hawiye),1
Abdalleh-Agon-Yar subclan of Abgal clan (Hawiye),1
Aidagalla subclan of Habar Garhadjis clan (Isaaq),1
Abdalle subclan of Habar Awal clan (Isaaq),1
Aguleri,1
Umuleri,1
Eleme,1
Ndoki,1
Kwala,1
Karimjo,1
Jukun,1
Urhobo,1
Arbore,1
Amhara,1
Hutu,1
Hunde,1
Hmar People's Convention,1
Kuki Revolutionary Army,1
Dima Halam Daogah,1
Ampatuan militia,1
al-Qaida in the Arabian Peninsula,1
Myanmar National Democratic Alliance Army ,1
Progressive Socialist Party,1
Paite,1
Santiago Xochiltepec,1
Santo Domingo Teojomulco,1
Supporters of People's Alliance,1
Supporters of United National Party,1
Muslims (Philippines),1
Christians (Philippines),1
Muslims (Indonesia),1
Christians (Indonesia),1
Muslims (India),1
Hindus (India),1
Taleban - Mola Khel faction,1
Taleban - Ali Dad faction,1
Kyrgyz,1
Uzbek,1
Meskhetian Turk,1
Supporters of Roger Lafontant,1
Supporters of Jean-Bertrand Aristide,1
The League of the Righteous,1
Army of Orakzai tribe,1
Forces of Turkestan Bhittani,1
Moorland Defence Forces,1
Anjouan People’s Movement - Said Omar Chamassi faction,1
Khozam  ,1
Oulad Rachid,1
Choa Arab,1
Kotoko,1
Foulbe,1
Banya,1
Balikumbat ,1
Bafanji,1
Armed Islamic Group - Holy Quran Battalion,1
Armed Islamic Group - Covenant Battalion,1
Luo,1
Lahu National Unity Party,1
Hol Dinka,1
Gumuz,1
Ma'alin Weyne subclan of Mirifle clan (Digil-Mirifle),1
Gaadsan subclan of Biimaal clan (Dir),1
Coalition of Congolese Patriotic Resistance,1
Bangadi Militia,1
Ahlu Sunna Waljamaca,1
Supporters of Action Congress,1
Andani,1
Xawaadle clan (Hawiye),1
Karen National Union ,1
Forces of Carlos Castillo Armas,1
Military faction (forces of Andres Rodriguez),1
Alliance of Democratic Forces,1
Armed Forces of Liberia,1
Afar,1
Supporters of Alliance for Democracy,1
Abudu ,1
Abtisame subclan of Galje'el clan (Hawiye),1
Forces of Abdullahi Yusuf,1
National Union for the Total Independence of Angola,1
Union of Angolan Peoples,1
Union of the Populations of Cameroon,1
Popular Front for the Liberation of Saguia el Hamra and Rio de Oro,1
Niger Movement for Justice,1
Kingdom of Kongo,1
Niger Delta People’s Volunteer Force,1
Followers of the Prophet,1
New Forces,1
Ivorian Movement for the Greater West,1
Patriotic Movement of Ivory Coast,1
Movement for Justice and Peace,1
Union of Democratic Forces for Unity,1
Forces of Francois Bozize,1
Military faction (forces of André Kolingba),1
Oromo Liberation Front,1
Military faction (Lesotho),1
"Military Junta for the Consolidation of Democracy, Peace and Justice",1
Ntsiloulous,1
Cocoyes,1
Afi subclan of Galje'el clan (Hawiye),1
Agon-Yar subclan of Abgal clan (Hawiye),1
Fiqi Muhumud subclan (Dir),1
Ali-Gaf subclan of Abgal clan (Hawiye) ,1
Duduble subclan of Gorgorte clan (Hawiye),1
Dizi  ,1
Dir clan ,1
Dioula,1
Dinka ,1
Dimasa ,1
Dawa,1
Da'ud subclan of Abgal clan (Hawiye),1
Darsalim,1
Dabare subclan of Digil clan (Digil-Mirifle),1
Burji,1
Borana,1
Bokora Karimojong,1
Birom,1
Bakassi boys,1
Afrikaner Resistance Movement,1
Arrow Boys,1
Alliance for the Restoration of Peace and Counter-Terrorism,1
Gok Dinka,1
Agar Dinka,1
Anuak,1
Supporters of All Nigeria People's Party,1
Anaguta,1
Amaro,1
Alur,1
Ninjas,1
Cobras,1
Anjouan People’s Movement/Republic of Anjouan,1
Democratic Front for Renewal,1
Military faction (forces of Hezekiah Ochuka),1
African National Congress,1
National Revolutionary Council,1
Tunisian Armed Resistance,1
Movement for Democracy in Liberia,1
Liberians United for Reconciliation and Democracy,1
Independent National Patriotic Front of Liberia,1
National Patriotic Front of Liberia,1
Military faction (forces of Samuel Doe),1
Supreme Islamic Council of Somalia,1
Somali Reconciliation and Restoration Council,1
United Somali Congress/Somali National Alliance,1
United Somali Congress,1
Somali Patriotic Movement,1
Somali National Movement,1
Somali Salvation Democratic Front,1
Mozambican National Resistance,1
Ogaden National Liberation Front,1
Western Somali Liberation Front,1
Eritrean Islamic Jihad Movement - Abu Suhail faction,1
Patriotic Front,1
Zimbabwe African National Union,1
Zimbabwe African People’s Union,1
Uganda National Rescue Front II,1
West Nile Bank Front,1
Military faction (forces of Ibrahim Saleh),1
Togolese Movement for Democracy,1
Popular Front,1
Front for the Restoration of Unity and Democracy-Combattant,1
Islamic Unity,1
Front for the Liberation of the Enclave of Cabinda-Armed Forces of Cabinda,1
Front for the Liberation of the Enclave of Cabinda-Renewed,1
Salafist Group for Preaching and Combat,1
Armed Islamic Group,1
Armed Islamic Movement,1
Exile and Redemption,1
West Side Boys,1
Kamajors,1
Armed Forces Revolutionary Council,1
Revolutionary United Front,1
Front for the Restoration of Unity and Democracy,1
Presidential guard,1
Movement of the Democratic Forces of the Casamance,1
Democratic Liberation Forces of Rwanda,1
Rwandan Patriotic Front,1
Union of Forces of the Armed Resistance,1
Coordination of the Armed Resistance,1
Aїr and Azawad Liberation Front,1
May 23 Democratic Alliance for Change - Ibrahim Bahanga faction,1
Islamic Arab Front of Azawad,1
Popular Movement for the Liberation of Azawad,1
Afar Revolutionary Democratic Unity Front,1
Afar Liberation Front,1
People's Armed Forces of Congo,1
New Forces - Ibrahim Coulibaly faction,1
Military faction (forces of Alfredo Stroessner),1
Turkana,1
Terjam,1
Tarok,1
Suri,1
Suleiman subclan of Habar Gidir clan (Hawiye),1
Sudan People's Liberation Movement/Army - Nasir faction,1
Somali,1
Hawarsame Rer Hasan and Habar Ya'qub subclan of Marehan clan (Darod),1
Rer Ahmad subclan (Hawiye),1
Sheikhal clan (Dir),1
Sabiny,1
Sa'ad subclan of Habar Gidir clan (Hawiye),1
Rahanweyn Resistance Army,1
Rahanweyn Resistance Army - Madobe and Habsade faction,1
Rizeigat Abbala,1
Republic of Somaliland,1
Congolese Rally for Democracy - Laurent Nkunda faction,1
Federalist Republican Forces,1
Rastas,1
Puntland State of Somalia,1
Pokot,1
Pian Karimojong,1
Supporters of People's Democratic Party,1
Popular Defence Force,1
Pan,1
Pan-Africanist Congress,1
Toposa,1
Ukele,1
Nationalist and Integrationist Front,1
United Liberation Movement for Democracy in Liberia - Roosevelt Johnson faction,1
"Opposition coalition (Febreristas, Liberals and Communists)",1
National Revolutionary Movement,1
Popular Revolutionary Movement,1
Al-Shabaab,1
National Alliance,1
Patriotic Movement of the Ghanda Koye,1
Mungiki,1
Dassanetch,1
Nyangatom ,1
Majerteen subclan (Darod),1
Ismail subclan of Makahil clan (Darod),1
Bi'idyahan subclan of Majerteen clan (Darod),1
Bor Dinka,1
Didinga,1
Lou Nuer ,1
Zaghawa,1
Sabaot Land Defence Force,1
Rizeigat Baggara,1
Yugur,1
Yoruba,1
Yantar subclan of Mirifle clan (Digil-Mirifle),1
Warsangeli subclan of Abgal clan (Hawiye),1
"United Somalia Congress/Somali Salvation Alliance - Omar Mohamed Mohamud ""Finish"" faction",1
United Liberation Movement for Democracy in Liberia,1
United Liberation Movement for Democracy in Liberia - Alhaji Kromah faction,1
Oromo,1
Ogaden clan (Darod),1
Mahamid,1
Mahariba,1
Jiddo subclan of Digil clan (Digil-Mirifle),1
Jejele subclan of Jibedi clan (Hawiye),1
Janjaweed,1
Janjaweed - Bin Kulaib faction,1
Janjaweed - Moro faction,1
Forces of Jama Ali Jama,1
Izzi (Igbo),1
Itsekiri,1
Issa (Dir),1
"Interahamwe, ex-Armed Forces of Rwanda",1
Ijaw,1
Igbo,1
Supporters of Inkatha Freedom Party,1
Huber subclan of Mirifle clan (Digil-Mirifle),1
Hotiya Baggara ,1
Hema,1
Habaniya ,1
Gura,1
Guji,1
Garre subclan of Digil clan (Digil-Mirifle),1
Gamai,1
Galje'el clan (Hawiye),1
Gabra,1
Hausa,1
Fulani,1
Jie,1
Juba Valley Alliance,1
Kereyou  ,1
Movement of the Democratic Forces of the Casamance - Northern Front,1
Nuer,1
Mayi Mayi - Ngilima ,1
Newiba,1
Niger Delta Vigilantes,1
Murule subclan of Gugundabe clan (Hawiye),1
Murle,1
Mohamed Muse subclan of Abgal clan (Hawiye),1
Congolese Rally for Democracy-National,1
Movement for the Liberation of Western Ivory Coast,1
Movement of the Democratic Forces of the Casamance - Salif Sadio faction,1
Movement of the Democratic Forces of the Casamance - Northern Front Magne Diémé faction,1
Mayi Mayi,1
Tama,1
Bena Kapuya,1
Bena Nshimba,1
Mayi Mayi - Chinja Chinja,1
Marehan subclan (Darod),1
Mambila,1
Mahadade subclan of Abgal clan (Hawiye) ,1
Ma'aliyah,1
Luway subclan of Mirifle clan (Digil-Mirifle),1
Liberia Peace Council,1
Lendu,1
Kibete,1
Los Tiguerones Fénix faction,1
